{
  "timestamp": "2026-01-06T02:37:52.198084",
  "config": {
    "domain": "ecology",
    "base_model": "/home/core/projects/debate-simulator/models/base/llama3.1-nemotron-nano-8b-v1",
    "sft_path": "data/sft/ecology_improved.jsonl",
    "lora_r": 16,
    "lora_alpha": 32,
    "lora_dropout": 0.05,
    "target_modules": [
      "q_proj",
      "v_proj"
    ],
    "num_epochs": 2,
    "batch_size": 2,
    "gradient_accumulation_steps": 8,
    "learning_rate": 0.0002,
    "max_seq_length": 512,
    "max_train_samples": null,
    "max_val_samples": null,
    "max_test_samples": null
  },
  "dataset_sizes": {
    "train": 3552,
    "val": 464,
    "test": 478
  },
  "final_metrics": {
    "train_loss": 0.8859151209796872,
    "train_perplexity": 2.4252027302049926,
    "val_loss": 0.5823924541473389,
    "val_perplexity": 1.7903165613760976,
    "test_loss": 0.5820482969284058,
    "test_perplexity": 1.789700517021461
  },
  "training_history": {
    "steps": [
      5,
      10,
      15,
      20,
      25,
      30,
      35,
      40,
      45,
      50,
      55,
      60,
      65,
      70,
      75,
      80,
      85,
      90,
      95,
      100,
      105,
      110,
      115,
      120,
      125,
      130,
      135,
      140,
      145,
      150,
      155,
      160,
      165,
      170,
      175,
      180,
      185,
      190,
      195,
      200,
      205,
      210,
      215,
      220,
      225,
      230,
      235,
      240,
      245,
      250,
      255,
      260,
      265,
      270,
      275,
      280,
      285,
      290,
      295,
      300,
      305,
      310,
      315,
      320,
      325,
      330,
      335,
      340,
      345,
      350,
      355,
      360,
      365,
      370,
      375,
      380,
      385,
      390,
      395,
      400,
      405,
      410,
      415,
      420,
      425,
      430,
      435,
      440
    ],
    "training_loss": [
      4.2817,
      4.237,
      3.9455,
      3.5596,
      3.0618,
      2.3649,
      1.8215,
      1.4056,
      1.0512,
      0.9478,
      0.9374,
      0.8903,
      0.8538,
      0.827,
      0.8083,
      0.8765,
      0.8197,
      0.8095,
      0.8026,
      0.8164,
      0.7875,
      0.8295,
      0.777,
      0.7736,
      0.7822,
      0.7995,
      0.7566,
      0.7982,
      0.782,
      0.7371,
      0.7179,
      0.6969,
      0.7104,
      0.6525,
      0.6928,
      0.6521,
      0.6581,
      0.6013,
      0.6734,
      0.6613,
      0.6507,
      0.6453,
      0.6279,
      0.6408,
      0.5997,
      0.5921,
      0.6099,
      0.6423,
      0.6343,
      0.5965,
      0.6442,
      0.613,
      0.6332,
      0.6371,
      0.6185,
      0.5884,
      0.5868,
      0.5878,
      0.5722,
      0.612,
      0.596,
      0.5938,
      0.6066,
      0.5874,
      0.6014,
      0.5786,
      0.5747,
      0.6199,
      0.5792,
      0.5597,
      0.6077,
      0.6014,
      0.5759,
      0.5642,
      0.542,
      0.567,
      0.591,
      0.5844,
      0.5258,
      0.5537,
      0.5475,
      0.5558,
      0.5936,
      0.5594,
      0.5458,
      0.6284,
      0.5883,
      0.5712
    ],
    "validation_loss": [
      3.278249502182007,
      1.1931078433990479,
      0.8428294658660889,
      0.8179684281349182,
      0.799959659576416,
      0.7798067331314087,
      0.7458266615867615,
      0.6763049364089966,
      0.6425291895866394,
      0.6255270838737488,
      0.6186949610710144,
      0.6130057573318481,
      0.6078060865402222,
      0.6037247776985168,
      0.5987929105758667,
      0.5953481197357178,
      0.5926765203475952,
      0.5899444818496704,
      0.5875829458236694,
      0.5858503580093384,
      0.5833715796470642,
      0.5823924541473389,
      0.5823924541473389,
      0.5820482969284058
    ],
    "learning_rate": [
      1.777777777777778e-05,
      4e-05,
      6.222222222222222e-05,
      8.444444444444444e-05,
      0.00010666666666666667,
      0.00012888888888888892,
      0.0001511111111111111,
      0.00017333333333333334,
      0.00019555555555555556,
      0.0001979949874686717,
      0.00019548872180451127,
      0.00019298245614035088,
      0.00019047619047619048,
      0.00018796992481203009,
      0.00018546365914786966,
      0.0001829573934837093,
      0.00018045112781954887,
      0.00017794486215538848,
      0.00017543859649122806,
      0.0001729323308270677,
      0.00017042606516290727,
      0.00016791979949874687,
      0.00016541353383458648,
      0.00016290726817042608,
      0.00016040100250626566,
      0.00015789473684210527,
      0.00015538847117794487,
      0.00015288220551378448,
      0.00015037593984962405,
      0.00014786967418546366,
      0.00014536340852130326,
      0.00014285714285714287,
      0.00014035087719298245,
      0.00013784461152882208,
      0.00013533834586466166,
      0.00013283208020050126,
      0.00013032581453634084,
      0.00012781954887218047,
      0.00012531328320802005,
      0.00012280701754385965,
      0.00012030075187969925,
      0.00011779448621553886,
      0.00011528822055137844,
      0.00011278195488721806,
      0.00011027568922305764,
      0.00010776942355889726,
      0.00010526315789473685,
      0.00010275689223057645,
      0.00010025062656641604,
      9.774436090225564e-05,
      9.523809523809524e-05,
      9.273182957393483e-05,
      9.022556390977444e-05,
      8.771929824561403e-05,
      8.521303258145363e-05,
      8.270676691729324e-05,
      8.020050125313283e-05,
      7.769423558897244e-05,
      7.518796992481203e-05,
      7.268170426065163e-05,
      7.017543859649122e-05,
      6.766917293233083e-05,
      6.516290726817042e-05,
      6.265664160401002e-05,
      6.015037593984962e-05,
      5.764411027568922e-05,
      5.513784461152882e-05,
      5.2631578947368424e-05,
      5.012531328320802e-05,
      4.761904761904762e-05,
      4.511278195488722e-05,
      4.260651629072682e-05,
      4.0100250626566415e-05,
      3.759398496240601e-05,
      3.508771929824561e-05,
      3.258145363408521e-05,
      3.007518796992481e-05,
      2.756892230576441e-05,
      2.506265664160401e-05,
      2.255639097744361e-05,
      2.0050125313283208e-05,
      1.7543859649122806e-05,
      1.5037593984962406e-05,
      1.2531328320802006e-05,
      1.0025062656641604e-05,
      7.518796992481203e-06,
      5.012531328320802e-06,
      2.506265664160401e-06
    ],